grant_title,id,organization,total_amount,group,country,start_month,start_day,start_year,country
THE SPAR GROUP,1,THE SPAR GROUP,2579920.283,Mal,South Africa,1,1,3,South Africa
MAVENIR,2,MAVENIR,2430594.979,Mal,Unnamed,2,2,2,Unnamed
Unnamed NATIONAL POLICE,3,Unnamed NATIONAL POLICE,2140189.703,Mal,Unnamed,3,3,1,Unnamed
BANK HAPOALIM B M,4,BANK HAPOALIM B M,1403814.652,HiPo,Unnamed,4,4,1,Unnamed
ELBIT SYSTEMS LTD,5,ELBIT SYSTEMS LTD,1386948.199,Mal,Unnamed,5,5,1,Unnamed
TELKOM SA LTD,6,TELKOM SA LTD,1220610.115,Mal,South Africa,6,6,1,South Africa
Emirates Airline - dnata,7,Emirates Airline - dnata,1142216.702,HiPo,Gulf,7,7,1,Gulf
ALEXANDER FORBES LTD,8,ALEXANDER FORBES LTD,1111111.158,Mal,South Africa,8,8,2,South Africa
Saudi Arabian Monetary Agency (SAMA),9,Saudi Arabian Monetary Agency (SAMA),1028062.184,Mal,Saudi Arabia,9,9,1,Saudi Arabia
Banque Saudi Fransi,10,Banque Saudi Fransi,947963.4577,Mal,Saudi Arabia,10,10,2,Saudi Arabia
Aramex International,11,Aramex International,843162.5876,Mal,NEPA Emerging Region,11,11,1,NEPA Emerging Region
NICE SYSTEMS LTD,12,NICE SYSTEMS LTD,785514.0509,HiPo,Unnamed,12,12,1,Unnamed
CHECK POINT SOFTWARE TECHNOLOGIES LTD,13,CHECK POINT SOFTWARE TECHNOLOGIES LTD,773552.2471,Mal,Unnamed,13,13,2,Unnamed
Unnamed ELECTRIC COMPANY,14,Unnamed ELECTRIC COMPANY,773450.2555,HiPo,Unnamed,14,14,1,Unnamed
MOD,15,MOD,742477.7905,HiPo,Unnamed,15,15,1,Unnamed
SASOL LTD,16,SASOL LTD,733813.5407,HiPo,South Africa,16,16,1,South Africa
TRANSNET LTD,17,TRANSNET LTD,721217.3679,HiPo,South Africa,17,17,1,South Africa
CLAL BIT SYSTEMS LTD,18,CLAL BIT SYSTEMS LTD,713870.82,Mal,Unnamed,18,18,2,Unnamed
DEPARTMENT OF RURAL DEVELOPMENT AND LAND REFORM,19,DEPARTMENT OF RURAL DEVELOPMENT AND LAND REFORM,687783.3722,Mal,South Africa,19,19,2,South Africa
MUNICIPALITY OF JERUSALEM,20,MUNICIPALITY OF JERUSALEM,603845.3673,Mal,Unnamed,20,20,1,Unnamed
KUVEYT TÜRK KATILIM BANKASI A.?.,21,KUVEYT TÜRK KATILIM BANKASI A.?.,574000.039,Mal,Turkey,21,21,1,Turkey
TNUVA COMPUTERS,22,TNUVA COMPUTERS,569466.9733,Mal,Unnamed,22,22,2,Unnamed
Banque Centrale Populaire,23,Banque Centrale Populaire,563301.1174,Mal,NEPA Emerging Region,23,23,2,NEPA Emerging Region
BIAT,24,BIAT,560380.6742,Mal,NEPA Emerging Region,24,24,2,NEPA Emerging Region
IPA (Institute of Public Administration),25,IPA (Institute of Public Administration),531795.5141,Mal,Saudi Arabia,25,25,3,Saudi Arabia
Islamic Development Bank - IDB,26,Islamic Development Bank - IDB,512898.6696,Mal,Saudi Arabia,26,26,2,Saudi Arabia
NAMPAK PTY LTD,27,NAMPAK PTY LTD,502471.9756,Mal,South Africa,27,27,2,South Africa
Abdul Latif Jameel Company Ltd.,28,Abdul Latif Jameel Company Ltd.,485533.55,Mal,Saudi Arabia,28,28,2,Saudi Arabia
Almarai Trading Company Ltd,29,Almarai Trading Company Ltd,462401.0674,Mal,Saudi Arabia,29,29,2,Saudi Arabia
ISCAR LTD,30,ISCAR LTD,451701.6174,Mal,Unnamed,30,30,2,Unnamed
Ministry of Interior - MOI,31,Ministry of Interior - MOI,440270.0298,Mal,Saudi Arabia,31,31,1,Saudi Arabia
Ministry of Education - Jordan,32,Ministry of Education - Jordan,439300.004,Mal,NEPA Emerging Region,32,32,3,NEPA Emerging Region
NETAFIM (A C S ) LTD,33,NETAFIM (A C S ) LTD,406825.6081,Mal,Unnamed,33,33,2,Unnamed
Pakistan Petroleum Ltd.,34,Pakistan Petroleum Ltd.,402228.6789,Mal,NEPA Emerging Region,34,34,2,NEPA Emerging Region
SANLAM LTD,35,SANLAM LTD,394315.0125,Mal,South Africa,35,35,2,South Africa
Sappi Ltd,36,Sappi Ltd,386026.7195,Mal,South Africa,36,36,2,South Africa
Saudi Arabian National Guard - SANG,37,Saudi Arabian National Guard - SANG,365045.2691,Mal,Saudi Arabia,37,37,2,Saudi Arabia
MUNICIPALITY OF TEL-AVIV,38,MUNICIPALITY OF TEL-AVIV,343699.47,Mal,Unnamed,38,38,1,Unnamed
WOOLWORTHS PTY LTD,39,WOOLWORTHS PTY LTD,339276.4641,Mal,South Africa,39,39,2,South Africa
TOFA? TÜRK OTOMOB?L FABR?KASI A.?.,40,TOFA? TÜRK OTOMOB?L FABR?KASI A.?.,323088.097,Mal,Turkey,40,40,1,Turkey
ABSA BANK LTD,41,ABSA BANK LTD,316151.8163,HiPo,South Africa,41,41,1,South Africa
ANADOLU ENDÜSTR? HOLD?NG A.?.,42,ANADOLU ENDÜSTR? HOLD?NG A.?.,315473.1123,Mal,Turkey,42,42,1,Turkey
Attijariwafa Bank,43,Attijariwafa Bank,314367.0302,Mal,NEPA Emerging Region,43,43,1,NEPA Emerging Region
Juhayna Food Industries,44,Juhayna Food Industries,304886.9208,Mal,Egypt,44,44,2,Egypt
Adama,45,Adama,289244.7014,Mal,Unnamed,45,45,1,Unnamed
CELLCOM Unnamed LTD,46,CELLCOM Unnamed LTD,283292.13,Mal,Unnamed,46,46,2,Unnamed
HIGHER COLLEGES OF TECHNOLOGY,47,HIGHER COLLEGES OF TECHNOLOGY,281406.0958,Mal,Gulf,47,47,3,Gulf
CLALIT HEALTH SERVICES,48,CLALIT HEALTH SERVICES,262348.4914,Mal,Unnamed,48,48,1,Unnamed
EDCON,49,EDCON,262137.8066,Mal,South Africa,49,49,2,South Africa
MALAM SYSTEMS LTD,50,MALAM SYSTEMS LTD,261067.6552,Mal,Unnamed,50,50,3,Unnamed
Medical Research Council,51,Medical Research Council,259021.8345,Mal,South Africa,51,51,3,South Africa
Orascom Construction Industries-OCI,52,Orascom Construction Industries-OCI,256884.4449,Mal,Egypt,52,52,2,Egypt
AKBANK T.A.?.,53,AKBANK T.A.?.,251584.9572,Mal,Turkey,53,53,1,Turkey
LEUMICARD,54,LEUMICARD,248657.4093,Mal,Unnamed,54,54,2,Unnamed
American University of Beirut,55,American University of Beirut,244553.1255,Mal,NEPA Emerging Region,55,55,2,NEPA Emerging Region
Engen Ltd,56,Engen Ltd,239174.2663,Mal,South Africa,56,56,2,South Africa
THE STANDARD BANK OF SOUTH AFRICA LTD,57,THE STANDARD BANK OF SOUTH AFRICA LTD,221251.9176,HiPo,South Africa,57,57,1,South Africa
YAPI KRED? BANKASI A.?.,58,YAPI KRED? BANKASI A.?.,220345.7943,Mal,Turkey,58,58,2,Turkey
Saudi Industrial Development Fund (SIDF),59,Saudi Industrial Development Fund (SIDF),218096.2262,Mal,Saudi Arabia,59,59,3,Saudi Arabia
Buffalo City Municipality,60,Buffalo City Municipality,191785.6171,Mal,South Africa,60,60,2,South Africa
MATRIX IT - FORMULA,61,MATRIX IT - FORMULA,190683.4051,Mal,Unnamed,61,61,3,Unnamed
REFAEL,62,REFAEL,187963.1945,Mal,Unnamed,62,62,2,Unnamed
TÜRK?YE ???E VE CAM FABR?KALARI A.?. - ???ECAM -,63,TÜRK?YE ???E VE CAM FABR?KALARI A.?. - ???ECAM -,177995.3547,Mal,Turkey,63,63,2,Turkey
NEDBANK LTD,64,NEDBANK LTD,172851.7871,HiPo,South Africa,64,64,1,South Africa
LC WA?K?K? MA?AZACILIK H?ZMETLER? T?C. A. ?.,65,LC WA?K?K? MA?AZACILIK H?ZMETLER? T?C. A. ?.,169114.5996,HiPo,Turkey,65,65,1,Turkey
ABD? ?BRAH?M ?LAÇ SAN. VE T?C. A.?.,66,ABD? ?BRAH?M ?LAÇ SAN. VE T?C. A.?.,166997.5829,Mal,Turkey,66,66,3,Turkey
AUDIOCODES LTD,67,AUDIOCODES LTD,164784.6074,Mal,Unnamed,67,67,3,Unnamed
VAKIF EMEKL?L?K A.?.,68,VAKIF EMEKL?L?K A.?.,162640.1775,Mal,Turkey,68,68,2,Turkey
WESTERN CAPE GOVERNMENT,69,WESTERN CAPE GOVERNMENT,158798.1423,Mal,South Africa,69,69,1,South Africa
CITY OF CAPE TOWN,70,CITY OF CAPE TOWN,158720.9692,Mal,South Africa,70,70,2,South Africa
General Authority of Civil Aviation - GACA,71,General Authority of Civil Aviation - GACA,158525.4729,Mal,Saudi Arabia,71,71,1,Saudi Arabia
BANK DISCOUNT,72,BANK DISCOUNT,157292.9053,Mal,Unnamed,72,72,1,Unnamed
Pakistan Telecommunication Company Limited (PTCL),73,Pakistan Telecommunication Company Limited (PTCL),156641.0004,Mal,NEPA Emerging Region,73,73,2,NEPA Emerging Region
NORTH-WEST UNIVERSITY,74,NORTH-WEST UNIVERSITY,154319.1401,Mal,South Africa,74,74,3,South Africa
TÜRK?YE ?? BANKASI A.?.,75,TÜRK?YE ?? BANKASI A.?.,151639.4377,Mal,Turkey,75,75,1,Turkey
Clover South Africa (Pty) Ltd,76,Clover South Africa (Pty) Ltd,147771.9437,Mal,South Africa,76,76,3,South Africa
UNIVERSITY OF JOHANNESBURG,77,UNIVERSITY OF JOHANNESBURG,143492.7349,Mal,South Africa,77,77,3,South Africa
Saudi Arabian Airlines,78,Saudi Arabian Airlines,142377.4239,HiPo,Saudi Arabia,78,78,1,Saudi Arabia
KUWAIT UNIVERSITY,79,KUWAIT UNIVERSITY,141215.0772,Mal,Gulf,79,79,3,Gulf
RasGas Company Limited,80,RasGas Company Limited,139822.17,Mal,Gulf,80,80,2,Gulf
Kuwait Finance House (KFH),81,Kuwait Finance House (KFH),138187.1497,Mal,Gulf,81,81,2,Gulf
Nigerian Stock Exchange,82,Nigerian Stock Exchange,137793.9048,Mal,Nigeria,82,82,3,Nigeria
RISCO LTD,83,RISCO LTD,135981.2,Mal,Unnamed,83,83,3,Unnamed
MINISTRY OF EDUCATION - MOE -,84,MINISTRY OF EDUCATION - MOE -,132891.826,Mal,Gulf,84,84,1,Gulf
MOBILE TELEPHONE NETWORK MTN,85,MOBILE TELEPHONE NETWORK MTN,131475.5527,Mal,South Africa,85,85,1,South Africa
MACCABI HEALTH SERVICES,86,MACCABI HEALTH SERVICES,131370.8,Mal,Unnamed,86,86,1,Unnamed
ONEE - Branche Eau,87,ONEE - Branche Eau,129811.4777,Mal,NEPA Emerging Region,87,87,2,NEPA Emerging Region
ASECNA Siége,88,ASECNA Siége,129565.6995,Mal,WECA Emerging Region,88,88,2,WECA Emerging Region
Anglo American South Africa,89,Anglo American South Africa,129443.27,Mal,South Africa,89,89,1,South Africa
HOME CHOICE,90,HOME CHOICE,126531.94,Mal,South Africa,90,90,3,South Africa
TURKCELL ?LET???M H?ZMETLER? A.?.,91,TURKCELL ?LET???M H?ZMETLER? A.?.,124039.3719,Mal,Turkey,91,91,1,Turkey
G O I - BANK OF Unnamed,92,G O I - BANK OF Unnamed,119710.9495,Mal,Unnamed,92,92,1,Unnamed
UAE UNIVERSITY,93,UAE UNIVERSITY,107867.6496,Mal,Gulf,93,93,3,Gulf
City Of Johannesburg,94,City Of Johannesburg,105663.6323,Mal,South Africa,94,94,1,South Africa
QASCO,95,QASCO,103288.1888,Mal,Gulf,95,95,3,Gulf
ALUMINIUM BAHRAIN BSC (ALBA),96,ALUMINIUM BAHRAIN BSC (ALBA),102452.1877,Mal,Gulf,96,96,3,Gulf
SENELEC,97,SENELEC,98914.7255,Mal,WECA Emerging Region,97,97,2,WECA Emerging Region
ZORLU HOLD?NG A.?.,98,ZORLU HOLD?NG A.?.,98702.3674,Mal,Turkey,98,98,2,Turkey
ESKOM HOLDINGS SOC LTD,99,ESKOM HOLDINGS SOC LTD,95633.4449,Mal,South Africa,99,99,1,South Africa
TUNISIE TELECOM,100,TUNISIE TELECOM,91404.29,Mal,NEPA Emerging Region,100,100,2,NEPA Emerging Region
Ministry of Human Resources and Emiratization,101,Ministry of Human Resources and Emiratization,89044.1802,Mal,Gulf,101,101,3,Gulf
STRAUSS ELITE LTD,102,STRAUSS ELITE LTD,88623.7359,Mal,Unnamed,102,102,2,Unnamed
ONEE - Branche Electricité,103,ONEE - Branche Electricité,88280.235,Mal,NEPA Emerging Region,103,103,2,NEPA Emerging Region
UNIVERSITY OF SHARJAH,104,UNIVERSITY OF SHARJAH,87651.4801,Mal,Gulf,104,104,3,Gulf
MEDI-CLINIC,105,MEDI-CLINIC,82520.4935,Mal,South Africa,105,105,3,South Africa
Investec SA,106,Investec SA,82363.5,Mal,South Africa,106,106,2,South Africa
Yusuf Bin Ahmed Kanoo W.L.L.,107,Yusuf Bin Ahmed Kanoo W.L.L.,82350.75,Mal,Saudi Arabia,107,107,3,Saudi Arabia
ORBOTECH,108,ORBOTECH,81000,Mal,Unnamed,108,108,1,Unnamed
SAPIENS,109,SAPIENS,80112.3294,HiPo,Unnamed,109,109,2,Unnamed
UNIVERSITY OF VENDA,110,UNIVERSITY OF VENDA,76987.7958,Mal,South Africa,110,110,3,South Africa
MR PRICE GROUP,111,MR PRICE GROUP,76714.76,Mal,South Africa,111,111,2,South Africa
MINISTERE DE L'INTERIEUR,112,MINISTERE DE L'INTERIEUR,76632.9702,Mal,NEPA Emerging Region,112,112,2,NEPA Emerging Region
ARKAS HOLD?NG A.?.,113,ARKAS HOLD?NG A.?.,76293.3,HiPo,Turkey,113,113,1,Turkey
National Bank of Kuwait (NBK),114,National Bank of Kuwait (NBK),74180.6144,Mal,Gulf,114,114,2,Gulf
BORUSAN HOLD?NG A.?.,115,BORUSAN HOLD?NG A.?.,73858.97,Mal,Turkey,115,115,1,Turkey
Ministry of Interior,116,Ministry of Interior,71586.3035,Mal,Egypt,116,116,3,Egypt
Aga Khan University Hospital,117,Aga Khan University Hospital,71174.1944,Mal,NEPA Emerging Region,117,117,3,NEPA Emerging Region
CERAGON NETWORKS LTD,118,CERAGON NETWORKS LTD,70308.202,Mal,Unnamed,118,118,2,Unnamed
SUPER SOL LTD,119,SUPER SOL LTD,69940.0715,Mal,Unnamed,119,119,2,Unnamed
CAPE PENINSULA UNIVERSITY OF TECHNOLOGY,120,CAPE PENINSULA UNIVERSITY OF TECHNOLOGY,69179.1629,Mal,South Africa,120,120,3,South Africa
National Department of Health,121,National Department of Health,68164.0797,Mal,South Africa,121,121,2,South Africa
Gauteng Provincial Government,122,Gauteng Provincial Government,68070.3585,Mal,South Africa,122,122,1,South Africa
Sun International Management Ltd,123,Sun International Management Ltd,66408.4121,Mal,South Africa,123,123,1,South Africa
PUBLIC INVESTMENT CORPORATION,124,PUBLIC INVESTMENT CORPORATION,65901.2882,Mal,South Africa,124,124,3,South Africa
MANGOSUTHU UNIVERSITY OF TECHNOLOGY,125,MANGOSUTHU UNIVERSITY OF TECHNOLOGY,65433.8844,Mal,South Africa,125,125,3,South Africa
SUPER PHARM,126,SUPER PHARM,63188.1639,Mal,Unnamed,126,126,2,Unnamed
Emirates NBD,127,Emirates NBD,62507.3345,Mal,Gulf,127,127,1,Gulf
RADWARE LTD,128,RADWARE LTD,62318.0949,Mal,Unnamed,128,128,3,Unnamed
Dubai Duty Free,129,Dubai Duty Free,61829.5425,Mal,Gulf,129,129,3,Gulf
KOÇ HOLD?NG A.?.,130,KOÇ HOLD?NG A.?.,58184.2917,HiPo,Turkey,130,130,1,Turkey
Unnamed PHOENIX ASSURANCE CO LTD,131,Unnamed PHOENIX ASSURANCE CO LTD,57224.7469,Mal,Unnamed,131,131,1,Unnamed
DEN?ZBANK A.?.,132,DEN?ZBANK A.?.,57045.572,Mal,Turkey,132,132,1,Turkey
DUBAI ELECTRICITY AND WATER AUTHORITY - DEWA -,133,DUBAI ELECTRICITY AND WATER AUTHORITY - DEWA -,57036.3899,Mal,Gulf,133,133,2,Gulf
DUTCO GROUP,134,DUTCO GROUP,56728.4266,Mal,Gulf,134,134,2,Gulf
PARTNER COMMUNICATIONS CO. LTD,135,PARTNER COMMUNICATIONS CO. LTD,56666.0732,Mal,Unnamed,135,135,2,Unnamed
Saudi commission for health Specialists,136,Saudi commission for health Specialists,56127.8435,Mal,Saudi Arabia,136,136,3,Saudi Arabia
GARANT? BANKASI A.?.,137,GARANT? BANKASI A.?.,55388.7195,Mal,Turkey,137,137,1,Turkey
Saline Water Conversion Corporation,138,Saline Water Conversion Corporation,55173.3218,Mal,Saudi Arabia,138,138,2,Saudi Arabia
ADVTECH GROUP PTY LTD,139,ADVTECH GROUP PTY LTD,54251.7605,Mal,South Africa,139,139,2,South Africa
SAUDI TELECOME COMPANY - STC,140,SAUDI TELECOME COMPANY - STC,53291.6087,Mal,Saudi Arabia,140,140,1,Saudi Arabia
GOLDFIELDS LTD,141,GOLDFIELDS LTD,53276.334,Mal,South Africa,141,141,2,South Africa
ANADOLU AJANSI T.A.?.,142,ANADOLU AJANSI T.A.?.,52200,Mal,Turkey,142,142,2,Turkey
BOYNER HOLD?NG A.?.,143,BOYNER HOLD?NG A.?.,51458.2567,HiPo,Turkey,143,143,1,Turkey
ÇALIK HOLD?NG A.?.,144,ÇALIK HOLD?NG A.?.,51237.8485,Mal,Turkey,144,144,2,Turkey
United Bank Ltd.,145,United Bank Ltd.,50980.9552,Mal,NEPA Emerging Region,145,145,2,NEPA Emerging Region
SHOPRITE CHECKERS PTY LTD,146,SHOPRITE CHECKERS PTY LTD,49732.3,HiPo,South Africa,146,146,1,South Africa
Central Bank Of Kenya,147,Central Bank Of Kenya,49099.34,Mal,WECA Emerging Region,147,147,3,WECA Emerging Region
AMDOCS MANAGEMENT LTD,148,AMDOCS MANAGEMENT LTD,47389.4805,HiPo,Unnamed,148,148,1,Unnamed
INDUSTRIAL DEVELOPMENT CORPORATION,149,INDUSTRIAL DEVELOPMENT CORPORATION,47327.7283,Mal,South Africa,149,149,3,South Africa
National Bank of Pakistan,150,National Bank of Pakistan,44547.8899,Mal,NEPA Emerging Region,150,150,2,NEPA Emerging Region
TÜRK?YE F?NANS KATILIM BANKASI A.?.,151,TÜRK?YE F?NANS KATILIM BANKASI A.?.,43915.4709,Mal,Turkey,151,151,3,Turkey
MIGDAL INSURANCE COMPANY LTD,152,MIGDAL INSURANCE COMPANY LTD,43862.26,Mal,Unnamed,152,152,2,Unnamed
DISCOVERY HEALTH,153,DISCOVERY HEALTH,42701.2738,HiPo,South Africa,153,153,2,South Africa
Co-Operative Bank of Kenya,154,Co-Operative Bank of Kenya,42506.011,Mal,WECA Emerging Region,154,154,2,WECA Emerging Region
Zambia National Commercial Bank,155,Zambia National Commercial Bank,42429.8019,Mal,WECA Emerging Region,155,155,2,WECA Emerging Region
EMAAR PROPERTIES PJSC,156,EMAAR PROPERTIES PJSC,42174.486,HiPo,Gulf,156,156,1,Gulf
IT Worx Egypt,157,IT Worx Egypt,41156.4601,Mal,Egypt,157,157,2,Egypt
Banque Du Caire-BDC,158,Banque Du Caire-BDC,40928.3406,Mal,Egypt,158,158,2,Egypt
T.C. BA?BAKANLIK,159,T.C. BA?BAKANLIK,40085.53,Mal,Turkey,159,159,2,Turkey
THE SELA GROUP,160,THE SELA GROUP,39264.2664,Mal,Unnamed,160,160,3,Unnamed
Abu Dhabi Islamic Bank-ADIB,161,Abu Dhabi Islamic Bank-ADIB,38694.6471,Mal,Egypt,161,161,2,Egypt
Byblos Bank Sal,162,Byblos Bank Sal,38102.5445,Mal,Lebanon,162,162,2,Lebanon
Smollan Holdings (Pty) Ltd,163,Smollan Holdings (Pty) Ltd,36351.6133,Mal,South Africa,163,163,2,South Africa
Riyad Bank,164,Riyad Bank,36029.6828,Mal,Saudi Arabia,164,164,1,Saudi Arabia
FIRSTRAND BANK LTD,165,FIRSTRAND BANK LTD,34777.5215,Mal,South Africa,165,165,1,South Africa
Habib Bank Ltd.,166,Habib Bank Ltd.,34737.1882,Mal,NEPA Emerging Region,166,166,1,NEPA Emerging Region
PSG GROUP,167,PSG GROUP,34573.48,Mal,South Africa,167,167,3,South Africa
National Water Company,168,National Water Company,33333.4,Mal,Saudi Arabia,168,168,2,Saudi Arabia
UNIVERSITY OF THE WITWATERSRAND,169,UNIVERSITY OF THE WITWATERSRAND,33069.5029,Mal,South Africa,169,169,3,South Africa
GLOBAL EDUCATION MANAGEMENT SYSTEM - GEMS -,170,GLOBAL EDUCATION MANAGEMENT SYSTEM - GEMS -,33034.0178,Mal,Gulf,170,170,2,Gulf
TEVA PHARMACEUTICAL INDUSTRIES LTD,171,TEVA PHARMACEUTICAL INDUSTRIES LTD,32812.22,HiPo,Unnamed,171,171,1,Unnamed
Ministry of Finance,172,Ministry of Finance,32335.9106,Mal,Saudi Arabia,172,172,2,Saudi Arabia
Pick 'n Pay Stores Ltd,173,Pick 'n Pay Stores Ltd,32236.3419,Mal,South Africa,173,173,3,South Africa
OMNIA GROUP LTD,174,OMNIA GROUP LTD,32222.2849,Mal,South Africa,174,174,2,South Africa
Burgan Bank,175,Burgan Bank,31760.2241,Mal,Gulf,175,175,3,Gulf
TIGER BRANDS,176,TIGER BRANDS,31457.8558,Mal,South Africa,176,176,2,South Africa
Lagos State Government,177,Lagos State Government,31426.39,Mal,Nigeria,177,177,2,Nigeria
Juma Al-Majid Group,178,Juma Al-Majid Group,31194.6091,Mal,Gulf,178,178,3,Gulf
UAE EXCHANGE CENTRE LLC,179,UAE EXCHANGE CENTRE LLC,31163.82,Mal,Gulf,179,179,2,Gulf
Guaranty Trust Bank,180,Guaranty Trust Bank,31107.5502,Mal,Nigeria,180,180,2,Nigeria
MMI Holdings,181,MMI Holdings,31096.14,Mal,South Africa,181,181,3,South Africa
ISRACARD LTD,182,ISRACARD LTD,31066.8691,Mal,Unnamed,182,182,2,Unnamed
Ministry of Education (MOE),183,Ministry of Education (MOE),30816.93,Mal,Bahrain,183,183,2,Bahrain
AL-GHANIM INDUSTRIES,184,AL-GHANIM INDUSTRIES,30786.1319,Mal,Gulf,184,184,3,Gulf
EOH PTY LTD,185,EOH PTY LTD,30709.5324,Mal,South Africa,185,185,3,South Africa
MINISTERE DE L'EDUCATION NATIONALE,186,MINISTERE DE L'EDUCATION NATIONALE,30451.0703,Mal,WECA Emerging Region,186,186,3,WECA Emerging Region
King Fahd University of Petroleum & Minerals,187,King Fahd University of Petroleum & Minerals,30012.1801,Mal,Saudi Arabia,187,187,3,Saudi Arabia
Qatar Airways,188,Qatar Airways,29372.4261,Mal,Gulf,188,188,1,Gulf
ÇUKUROVA HOLD?NG A.?.,189,ÇUKUROVA HOLD?NG A.?.,28779.0903,Mal,Turkey,189,189,3,Turkey
DEPARTMENT OF MINERAL RESOURCES,190,DEPARTMENT OF MINERAL RESOURCES,28482.03,Mal,South Africa,190,190,3,South Africa
ALTINBA? HOLD?NG A.?.,191,ALTINBA? HOLD?NG A.?.,28152.7103,Mal,Turkey,191,191,3,Turkey
NESS TECHNOLOGY,192,NESS TECHNOLOGY,27776.78,Mal,Unnamed,192,192,2,Unnamed
Ahli United Bank of Egypt,193,Ahli United Bank of Egypt,27367.25,Mal,Egypt,193,193,3,Egypt
OCP S.A,194,OCP S.A,25474.8507,Mal,NEPA Emerging Region,194,194,2,NEPA Emerging Region
ONUR AIR TA?IMACILIK A.?.,195,ONUR AIR TA?IMACILIK A.?.,25305.8679,Mal,Turkey,195,195,3,Turkey
Miraco Carrier,196,Miraco Carrier,24862.1894,Mal,Egypt,196,196,2,Egypt
MINISTRY OF EDUCATION,197,MINISTRY OF EDUCATION,24765.8151,Mal,Gulf,197,197,2,Gulf
Redington Gulf Free Zone,198,Redington Gulf Free Zone,24744.3922,Mal,Gulf,198,198,3,Gulf
RANDOM LOGIC LTD,199,RANDOM LOGIC LTD,24672.5605,Mal,Unnamed,199,199,2,Unnamed
AngloGold Ashanti Ltd,200,AngloGold Ashanti Ltd,24455.5634,Mal,South Africa,200,200,2,South Africa
Capital Bank,201,Capital Bank,23875.252,Mal,NEPA Emerging Region,201,201,2,NEPA Emerging Region
Ministry of Municipal & Rural Affairs,202,Ministry of Municipal & Rural Affairs,23791.7567,Mal,Saudi Arabia,202,202,1,Saudi Arabia
Banque Misr,203,Banque Misr,23312.7441,Mal,Egypt,203,203,1,Egypt
Access Bank Plc,204,Access Bank Plc,22934.3771,Mal,Nigeria,204,204,2,Nigeria
EREN HOLD?NG A.?.,205,EREN HOLD?NG A.?.,22479.8382,Mal,Turkey,205,205,2,Turkey
MTN Uganda,206,MTN Uganda,22446.01,Mal,WECA Emerging Region,206,206,2,WECA Emerging Region
ALLAN GRAY INVESTMENTS LTD,207,ALLAN GRAY INVESTMENTS LTD,21780.542,Mal,South Africa,207,207,3,South Africa
Al-Jazeera Bank,208,Al-Jazeera Bank,21014.0508,Mal,Saudi Arabia,208,208,2,Saudi Arabia
Government of Kenya,209,Government of Kenya,20685,Mal,WECA Emerging Region,209,209,1,WECA Emerging Region
United Arab Shipping Company,210,United Arab Shipping Company,20427.771,Mal,Gulf,210,210,3,Gulf
BANK OF BEIRUT S.A.L,211,BANK OF BEIRUT S.A.L,19862.6056,Mal,NEPA Emerging Region,211,211,2,NEPA Emerging Region
AL-TAYER GROUP LLC,212,AL-TAYER GROUP LLC,19673.7654,Mal,Gulf,212,212,2,Gulf
Saudi Arabian Amiantit Co.,213,Saudi Arabian Amiantit Co.,19527.6174,Mal,Saudi Arabia,213,213,3,Saudi Arabia
Safaricom Limited,214,Safaricom Limited,19078.6623,Mal,WECA Emerging Region,214,214,1,WECA Emerging Region
BANK AUDI sal,215,BANK AUDI sal,18592.57,Mal,NEPA Emerging Region,215,215,1,NEPA Emerging Region
Housing & Development Bank-HDB,216,Housing & Development Bank-HDB,18526.89,Mal,Egypt,216,216,2,Egypt
MINISTERE DE LA SANTE,217,MINISTERE DE LA SANTE,18513.2156,Mal,NEPA Emerging Region,217,217,2,NEPA Emerging Region
Fidelity Bank Ltd,218,Fidelity Bank Ltd,18020.4586,Mal,Nigeria,218,218,2,Nigeria
TARSUS TECHNOLOGIES,219,TARSUS TECHNOLOGIES,18011.5183,Mal,South Africa,219,219,3,South Africa
Bank Al-Habib,220,Bank Al-Habib,17842.8462,Mal,NEPA Emerging Region,220,220,2,NEPA Emerging Region
Ministry of Health and Prevention,221,Ministry of Health and Prevention,17780.128,Mal,United Arab Emirates,221,221,2,United Arab Emirates
Applied Science University,222,Applied Science University,17600.7115,Mal,Jordan,222,222,3,Jordan
QATAR PETROLEUM,223,QATAR PETROLEUM,17022.2644,Mal,Qatar,223,223,1,Qatar
T.C. BA?BAKANLIK D?YANET ??LER? BA?KANLI?I,224,T.C. BA?BAKANLIK D?YANET ??LER? BA?KANLI?I,17013.6795,HiPo,Turkey,224,224,1,Turkey
OUTSURANCE,225,OUTSURANCE,16937.172,Mal,South Africa,225,225,2,South Africa
Al Faisaliah Group,226,Al Faisaliah Group,16657.3033,Mal,Saudi Arabia,226,226,3,Saudi Arabia
DERIVCO,227,DERIVCO,16272.0328,HiPo,South Africa,227,227,1,South Africa
Alia - The Royal Jordanian Airlines PLC,228,Alia - The Royal Jordanian Airlines PLC,16051.0868,Mal,NEPA Emerging Region,228,228,2,NEPA Emerging Region
SOCIETE MAGASIN GENERAL,229,SOCIETE MAGASIN GENERAL,15847.9128,Mal,NEPA Emerging Region,229,229,2,NEPA Emerging Region
Ministry of Communication and Information Technology,230,Ministry of Communication and Information Technology,15791.4224,Mal,Egypt,230,230,1,Egypt
MAJID AL-FUTTAIM GROUP OF COMPANIES,231,MAJID AL-FUTTAIM GROUP OF COMPANIES,15768.6598,HiPo,Gulf,231,231,1,Gulf
UNIVERSITE SAINT JOSEPH,232,UNIVERSITE SAINT JOSEPH,14964.318,Mal,Lebanon,232,232,3,Lebanon
EDEN SPRINGS LTD,233,EDEN SPRINGS LTD,14940.047,Mal,Unnamed,233,233,2,Unnamed
Societe Arab International De Banque-SAIB,234,Societe Arab International De Banque-SAIB,14847.266,Mal,Egypt,234,234,2,Egypt
Dar Al Handasah,235,Dar Al Handasah,14397.8004,Mal,Egypt,235,235,2,Egypt
Air Traffic & Navigation Services,236,Air Traffic & Navigation Services,14334.79,Mal,South Africa,236,236,3,South Africa
ADCORP HOLDINGS PTY LTD,237,ADCORP HOLDINGS PTY LTD,14031.7708,Mal,South Africa,237,237,2,South Africa
Gulf International Bank (Saudi Branch ),238,Gulf International Bank (Saudi Branch ),13265.0177,Mal,Saudi Arabia,238,238,2,Saudi Arabia
LAND MARK GROUP,239,LAND MARK GROUP,13218.46,HiPo,Gulf,239,239,1,Gulf
REZAYAT TRADING COMPANY LTD,240,REZAYAT TRADING COMPANY LTD,12987.5611,Mal,Saudi Arabia,240,240,3,Saudi Arabia
American University in Cairo-AUC,241,American University in Cairo-AUC,12788.7835,Mal,Egypt,241,241,1,Egypt
Unity Bank Group,242,Unity Bank Group,12394.0192,Mal,Nigeria,242,242,3,Nigeria
Harmony Gold Mining Company,243,Harmony Gold Mining Company,12277.1,Mal,South Africa,243,243,2,South Africa
The Library of Alexandria  - Bibliotheca Alexandrina,244,The Library of Alexandria  - Bibliotheca Alexandrina,12150.263,Mal,Egypt,244,244,3,Egypt
Cevital Spa,245,Cevital Spa,11935.0808,Mal,NEPA Emerging Region,245,245,2,NEPA Emerging Region
SYSPRO,246,SYSPRO,11752.16,Mal,South Africa,246,246,3,South Africa
Sterling Bank,247,Sterling Bank,11496.75,Mal,Nigeria,247,247,2,Nigeria
CELL C PTY LTD,248,CELL C PTY LTD,11430.6842,Mal,South Africa,248,248,2,South Africa
Union Bank Of Nigeria PLC,249,Union Bank Of Nigeria PLC,10951.5915,Mal,Nigeria,249,249,2,Nigeria
Technical and Vocational Training Corporation - TVTC -,250,Technical and Vocational Training Corporation - TVTC -,10923.7842,Mal,Saudi Arabia,250,250,2,Saudi Arabia
Akwa Group,251,Akwa Group,10711.5,Mal,NEPA Emerging Region,251,251,3,NEPA Emerging Region
Bank Al Falah Limited,252,Bank Al Falah Limited,10474.86,Mal,NEPA Emerging Region,252,252,2,NEPA Emerging Region
Raya Holding,253,Raya Holding,10271.22,Mal,Egypt,253,253,3,Egypt
Old Mutual Life Assurance Company South Africa,254,Old Mutual Life Assurance Company South Africa,10186.72,Mal,South Africa,254,254,1,South Africa
Central Bank of Nigeria,255,Central Bank of Nigeria,10029.52,Mal,Nigeria,255,255,2,Nigeria
JOHANNESBURG ROAD AGENCY,256,JOHANNESBURG ROAD AGENCY,10011.1101,Mal,South Africa,256,256,3,South Africa
Wema Bank Plc,257,Wema Bank Plc,9747.2837,Mal,Nigeria,257,257,2,Nigeria
REAL PEOPLE PTY LTD,258,REAL PEOPLE PTY LTD,9574.7374,Mal,South Africa,258,258,3,South Africa
Ministry Of  Education,259,Ministry Of  Education,9544.49,Mal,Egypt,259,259,1,Egypt
METROFILE PTY LTD,260,METROFILE PTY LTD,8206.2661,Mal,South Africa,260,260,3,South Africa
UNITED BANK FOR AFRICA PLC,261,UNITED BANK FOR AFRICA PLC,8062.3732,Mal,Nigeria,261,261,1,Nigeria
Exxaro,262,Exxaro,7980.6784,Mal,South Africa,262,262,2,South Africa
Saudi Post,263,Saudi Post,7936.1,Mal,Saudi Arabia,263,263,3,Saudi Arabia
MANNAI CORPORATION W.L.L.,264,MANNAI CORPORATION W.L.L.,7725.7319,Mal,Gulf,264,264,3,Gulf
PG Group Pty Ltd,265,PG Group Pty Ltd,7563.074,Mal,South Africa,265,265,3,South Africa
National Department of Social Development,266,National Department of Social Development,7266.23,Mal,South Africa,266,266,3,South Africa
UAE FEDERAL GOVERNMENT,267,UAE FEDERAL GOVERNMENT,7144.0143,Mal,United Arab Emirates,267,267,1,United Arab Emirates
OOREDOO TUNISIE,268,OOREDOO TUNISIE,7109.1218,Mal,NEPA Emerging Region,268,268,3,NEPA Emerging Region
Capitec Bank Ltd,269,Capitec Bank Ltd,7090.824,HiPo,South Africa,269,269,1,South Africa
Federal Inland Revenue Service,270,Federal Inland Revenue Service,7052.5472,Mal,Nigeria,270,270,2,Nigeria
AL MANA FASHION GROUP,271,AL MANA FASHION GROUP,6941.6126,Mal,Gulf,271,271,3,Gulf
EMIRATES TELECOMMUNICATIONS CORPORATION - ETISALAT,272,EMIRATES TELECOMMUNICATIONS CORPORATION - ETISALAT,6898.8662,Mal,Gulf,272,272,1,Gulf
CNPS Caisse Nationale de Prévoyance Sociale,273,CNPS Caisse Nationale de Prévoyance Sociale,6551.1253,Mal,WECA Emerging Region,273,273,3,WECA Emerging Region
ECZACIBA?I HOLD?NG A.?.,274,ECZACIBA?I HOLD?NG A.?.,6543.0043,Mal,Turkey,274,274,3,Turkey
Diamond Bank Limited,275,Diamond Bank Limited,6340.03,Mal,Nigeria,275,275,1,Nigeria
SUPREME COUNCIL OF INFORMATION AND COMMUNICATION TECHNOLOGY,276,SUPREME COUNCIL OF INFORMATION AND COMMUNICATION TECHNOLOGY,5955.5693,HiPo,Gulf,276,276,1,Gulf
Al-Othaim Commecial Company,277,Al-Othaim Commecial Company,5877.8829,Mal,Saudi Arabia,277,277,3,Saudi Arabia
NEOTEL PTY LTD,278,NEOTEL PTY LTD,5801.67,Mal,South Africa,278,278,3,South Africa
KEO INTERNATIONAL CONSULTANTS,279,KEO INTERNATIONAL CONSULTANTS,5631.1122,Mal,Gulf,279,279,3,Gulf
Woqod - Qatar Fuel -,280,Woqod - Qatar Fuel -,5595.2763,Mal,Gulf,280,280,3,Gulf
Dangote Group,281,Dangote Group,5479.1357,Mal,Nigeria,281,281,2,Nigeria
Higher Education Commission HEC,282,Higher Education Commission HEC,5390.5983,Mal,NEPA Emerging Region,282,282,1,NEPA Emerging Region
TAKEPLAY LTD - PLAYTECH,283,TAKEPLAY LTD - PLAYTECH,5216.2,HiPo,Unnamed,283,283,1,Unnamed
Sonangol EP,284,Sonangol EP,5074.3211,Mal,WECA Emerging Region,284,284,1,WECA Emerging Region
Azadea Group,285,Azadea Group,5018.23,Mal,Lebanon,285,285,2,Lebanon
ETIHAD AIRWAYS,286,ETIHAD AIRWAYS,4331.7462,HiPo,Gulf,286,286,1,Gulf
Rawabi Holding  Company,287,Rawabi Holding  Company,4320.4802,Mal,Saudi Arabia,287,287,2,Saudi Arabia
Pan Gulf Foods,288,Pan Gulf Foods,3895.9952,Mal,Saudi Arabia,288,288,3,Saudi Arabia
Warid Telecom (Pvt) Ltd.,289,Warid Telecom (Pvt) Ltd.,3777.8325,Mal,NEPA Emerging Region,289,289,3,NEPA Emerging Region
First Bank of Nigeria Plc,290,First Bank of Nigeria Plc,3751.3842,Mal,Nigeria,290,290,1,Nigeria
HOLLARD HOLDINGS,291,HOLLARD HOLDINGS,3560.6977,Mal,South Africa,291,291,2,South Africa
DUBAI MUNICIPALITY,292,DUBAI MUNICIPALITY,3538.3,Mal,Gulf,292,292,3,Gulf
College of North Atlantic,293,College of North Atlantic,3468.82,Mal,Gulf,293,293,3,Gulf
VARONIS SYSTEMS LTD,294,VARONIS SYSTEMS LTD,3211.62,HiPo,Unnamed,294,294,1,Unnamed
HOT TELECOMMUNICATIONS,295,HOT TELECOMMUNICATIONS,3172.3,Mal,Unnamed,295,295,2,Unnamed
Qatar GAS Transport Company Ltd.(NAKILAT),296,Qatar GAS Transport Company Ltd.(NAKILAT),3106.835,Mal,Gulf,296,296,3,Gulf
Saudi Food & Drug Authority,297,Saudi Food & Drug Authority,3082.373,Mal,Saudi Arabia,297,297,3,Saudi Arabia
Zenith International Bank Ltd,298,Zenith International Bank Ltd,2979.5462,Mal,Nigeria,298,298,2,Nigeria
Tsebo Solutions Group,299,Tsebo Solutions Group,2923.19,Mal,South Africa,299,299,3,South Africa
Old Mutual Kenya,300,Old Mutual Kenya,2861.8972,Mal,WECA Emerging Region,300,300,3,WECA Emerging Region
DUBAI HOLDING LLC,301,DUBAI HOLDING LLC,2856.43,Mal,Gulf,301,301,1,Gulf
Tamimi Group Of Companies,302,Tamimi Group Of Companies,2810.53,Mal,Saudi Arabia,302,302,3,Saudi Arabia
Daman National Health Insurance,303,Daman National Health Insurance,2784.4276,Mal,Gulf,303,303,2,Gulf
First City Monument Bank Ltd,304,First City Monument Bank Ltd,2731.6632,Mal,Nigeria,304,304,2,Nigeria
Al-Jomaih Holding Co.,305,Al-Jomaih Holding Co.,2603.7507,Mal,Saudi Arabia,305,305,3,Saudi Arabia
AL GHURAIR INVESTMENT COMPANY L.L.C.,306,AL GHURAIR INVESTMENT COMPANY L.L.C.,2541.1194,Mal,Gulf,306,306,3,Gulf
EMIRATES INTEGRATED TELECOMMUNICATIONS COMPANY,307,EMIRATES INTEGRATED TELECOMMUNICATIONS COMPANY,2477.8946,Mal,Gulf,307,307,1,Gulf
InterSwitch Limited,308,InterSwitch Limited,2319.91,Mal,Nigeria,308,308,2,Nigeria
DEPARTMENT OF PETROLEUM RESOURCES,309,DEPARTMENT OF PETROLEUM RESOURCES,2318.05,Mal,Nigeria,309,309,2,Nigeria
TRACKER NETWORK PTY LTD,310,TRACKER NETWORK PTY LTD,2268.2696,Mal,South Africa,310,310,3,South Africa
Tasnee - National Industrialization Company,311,Tasnee - National Industrialization Company,2149.9,HiPo,Saudi Arabia,311,311,1,Saudi Arabia
Keystone Bank (Bank PHB),312,Keystone Bank (Bank PHB),2049.45,Mal,Nigeria,312,312,2,Nigeria
Unnamed TAX AUTHORITY,313,Unnamed TAX AUTHORITY,2008.71,Mal,Unnamed,313,313,1,Unnamed
Gold Fields Ghana Limited,314,Gold Fields Ghana Limited,1991.6104,Mal,WECA Emerging Region,314,314,3,WECA Emerging Region
NASSER MOHAMAD AL SAYER INTERNATIONAL,315,NASSER MOHAMAD AL SAYER INTERNATIONAL,1971.666,Mal,Gulf,315,315,3,Gulf
Equity Bank Limited,316,Equity Bank Limited,1943.8413,Mal,WECA Emerging Region,316,316,1,WECA Emerging Region
King Abdullah University of Science and Technology - KAUST,317,King Abdullah University of Science and Technology - KAUST,1927.0897,Mal,Saudi Arabia,317,317,2,Saudi Arabia
EMITAC,318,EMITAC,1925.1071,Mal,Gulf,318,318,3,Gulf
SA TAXI FINANCE PTY LTD,319,SA TAXI FINANCE PTY LTD,1924.98,Mal,South Africa,319,319,3,South Africa
Taiba University,320,Taiba University,1764.1027,Mal,Saudi Arabia,320,320,3,Saudi Arabia
MAITLAND GROUP,321,MAITLAND GROUP,1687.4181,Mal,South Africa,321,321,3,South Africa
Ministry of Education,322,Ministry of Education,1403.7744,HiPo,Saudi Arabia,322,322,1,Saudi Arabia
INVESTMENT CORPORATION OF DUBAI,323,INVESTMENT CORPORATION OF DUBAI,1391.28,Mal,Gulf,323,323,3,Gulf
UNITED PRINTING AND PUBLISHING COMPANY,324,UNITED PRINTING AND PUBLISHING COMPANY,1361.82,Mal,Gulf,324,324,3,Gulf
DUBAI WORLD TRADE CENTER,325,DUBAI WORLD TRADE CENTER,1341.4318,Mal,Gulf,325,325,3,Gulf
POLARCUS DMCC,326,POLARCUS DMCC,1336.63,Mal,Gulf,326,326,3,Gulf
Extra (United Electronic Company),327,Extra (United Electronic Company),1125.28,Mal,Saudi Arabia,327,327,2,Saudi Arabia
QATAR UNIVERSITY,328,QATAR UNIVERSITY,1099.4623,Mal,Gulf,328,328,3,Gulf
MiX Telematics,329,MiX Telematics,1068.3587,Mal,South Africa,329,329,2,South Africa
THE FIRST GROUP,330,THE FIRST GROUP,1058.33,Mal,Gulf,330,330,3,Gulf
SIDRA MEDICAL AND RESEARCH CENTER,331,SIDRA MEDICAL AND RESEARCH CENTER,948.2651,Mal,Gulf,331,331,2,Gulf
DP WORLD,332,DP WORLD,944.56,Mal,Gulf,332,332,2,Gulf
BLUE LABEL TELECOMS,333,BLUE LABEL TELECOMS,910.25,Mal,South Africa,333,333,3,South Africa
Farah Experiences L.L.C.,334,Farah Experiences L.L.C.,858.49,HiPo,Gulf,334,334,1,Gulf
Vox Telecom,335,Vox Telecom,844.94,Mal,South Africa,335,335,3,South Africa
Al Rajhi Holding,336,Al Rajhi Holding,826.48,HiPo,Saudi Arabia,336,336,2,Saudi Arabia
Qatar Navigation - QN -,337,Qatar Navigation - QN -,742.0534,Mal,Gulf,337,337,3,Gulf
Abdulla Fouad Group,338,Abdulla Fouad Group,726.31,Mal,Saudi Arabia,338,338,3,Saudi Arabia
E-finance,339,E-finance,716.36,Mal,Egypt,339,339,3,Egypt
BAYPORT FINANCIAL SERVICES,340,BAYPORT FINANCIAL SERVICES,545.2984,Mal,South Africa,340,340,3,South Africa
DEPARTMENT OF INFORMATION AND E-GOVERNMENT,341,DEPARTMENT OF INFORMATION AND E-GOVERNMENT,523.8829,Mal,Gulf,341,341,2,Gulf
NESMA HOLDING,342,NESMA HOLDING,476.41,Mal,Saudi Arabia,342,342,3,Saudi Arabia
ENFORCEMENT AND COLLECTION AUTHORITY,343,ENFORCEMENT AND COLLECTION AUTHORITY,436.9753,Mal,Unnamed,343,343,1,Unnamed
BEYTI,344,BEYTI,433.18,Mal,Egypt,344,344,3,Egypt
KING ABDULLAH CITY FOR ATOMIC & RENEWABLE ENERGY,345,KING ABDULLAH CITY FOR ATOMIC & RENEWABLE ENERGY,364.52,Mal,Saudi Arabia,345,345,2,Saudi Arabia
MINISTRY OF JUSTICE,346,MINISTRY OF JUSTICE,300,Mal,Nigeria,346,346,2,Nigeria
COMPUTACENTER,347,COMPUTACENTER,230.87,Mal,South Africa,347,347,3,South Africa
DFA DARK FIBRE AFRICA,348,DFA DARK FIBRE AFRICA,227.5448,Mal,South Africa,348,348,3,South Africa
TRADEBRIDGE,349,TRADEBRIDGE,223.8429,Mal,South Africa,349,349,3,South Africa
TECOM,350,TECOM,218.5201,Mal,Gulf,350,350,1,Gulf
United Energy Pakistan Limited,351,United Energy Pakistan Limited,213.63,Mal,NEPA Emerging Region,351,351,2,NEPA Emerging Region
AMCON,352,AMCON,203.08,Mal,Nigeria,352,352,3,Nigeria
Kind Khalid University,353,Kind Khalid University,133.5,Mal,Saudi Arabia,353,353,3,Saudi Arabia
Heritage Bank Corporation (HBC),354,Heritage Bank Corporation (HBC),119.0424,Mal,Nigeria,354,354,2,Nigeria
IRON SOURCE,355,IRON SOURCE,97.1078,HiPo,Unnamed,355,355,2,Unnamed
DM HEALTHCARE,356,DM HEALTHCARE,79.3133,Mal,Gulf,356,356,2,Gulf
Premier FMCG,357,Premier FMCG,76.0996,Mal,South Africa,357,357,2,South Africa
Ezdan Holding,358,Ezdan Holding,68.1534,Mal,Gulf,358,358,3,Gulf
Majmaah University,359,Majmaah University,67.8258,Mal,Saudi Arabia,359,359,3,Saudi Arabia
Clickdimensions,360,Clickdimensions,50.57,HiPo,Unnamed,360,360,1,Unnamed
eToro Ltd.,361,eToro Ltd.,50.1005,HiPo,Unnamed,361,361,1,Unnamed
MicroMega,362,MicroMega,40.91,Mal,South Africa,362,362,3,South Africa
Emirates Global Aluminum,363,Emirates Global Aluminum,34.87,Mal,Gulf,363,363,3,Gulf
BIOCATCH Ltd.,364,BIOCATCH Ltd.,28.6525,HiPo,Unnamed,364,364,1,Unnamed
Ministère de lUrbanisme et de l'Aménagement du Territoire National,365,Ministère de lUrbanisme et de l'Aménagement du Territoire National,21.0608,Mal,NEPA Emerging Region,365,365,3,NEPA Emerging Region
EXPO2020 Dubai,366,EXPO2020 Dubai,18.2818,Mal,Gulf,366,366,2,Gulf
UNIVERSITY OF SOUTH AFRICA,367,UNIVERSITY OF SOUTH AFRICA,8.4636,Mal,South Africa,367,367,2,South Africa
Au10tix,368,Au10tix,6.43,Mal,Unnamed,368,368,2,Unnamed
Lulu Group International,369,Lulu Group International,2.3,Mal,Gulf,369,369,3,Gulf
UNIVERSITY OF CAPE TOWN,370,UNIVERSITY OF CAPE TOWN,0.11,Mal,South Africa,370,370,3,South Africa
TSHWANE UNIVERSITY OF TECHNOLOGY,371,TSHWANE UNIVERSITY OF TECHNOLOGY,0.0008,Mal,South Africa,371,371,3,South Africa
